{
  "split": "2023-01-01",
  "costs": {
    "fee": 0.001,
    "slippage": 0.0005,
    "init_cash": 10000.0,
    "maint_margin": 0.005
  },
  "default_params": {
    "ema_fast": 50,
    "ema_slow": 200,
    "rsi_period": 14,
    "rsi_long_max": 70.0,
    "rsi_long_min": 50.0,
    "atr_period": 14,
    "atr_sl_mult": 2.0,
    "atr_tp_mult": 4.0,
    "allow_short": false,
    "leverage": 1.0,
    "entry_mode": "ema_cross",
    "donchian_period": 20,
    "use_rsi_filter": true,
    "regime_filter": false,
    "regime_ema": 200,
    "htf_filter": false,
    "htf": "",
    "htf_ema": 50,
    "exit_mode": "fixed",
    "trail_atr_mult": 3.0,
    "partial_tp_mult": 2.0,
    "partial_tp_frac": 0.5
  },
  "chosen_params": {
    "ema_fast": 50,
    "ema_slow": 100,
    "rsi_period": 14,
    "rsi_long_max": 70.0,
    "rsi_long_min": 50.0,
    "atr_period": 14,
    "atr_sl_mult": 1.5,
    "atr_tp_mult": 4.0,
    "allow_short": false,
    "leverage": 1.0,
    "entry_mode": "ema_cross",
    "donchian_period": 20,
    "use_rsi_filter": true,
    "regime_filter": false,
    "regime_ema": 200,
    "htf_filter": false,
    "htf": "",
    "htf_ema": 50,
    "exit_mode": "fixed",
    "trail_atr_mult": 3.0,
    "partial_tp_mult": 2.0,
    "partial_tp_frac": 0.5
  },
  "default": {
    "full": {
      "total_return": 0.3645672163031528,
      "cagr": 0.04529280984038553,
      "sharpe": 0.4804382967636178,
      "sortino": 0.7265024610022517,
      "max_drawdown": -0.17524699784559128,
      "calmar": 0.25845127390023914,
      "num_trades": 28,
      "win_rate": 0.5,
      "profit_factor": 1.6272585352584834,
      "avg_win": 0.06680275387202575,
      "avg_loss": -0.0410523296849166,
      "avg_bars_held": 18.428571428571427,
      "expectancy_per_trade": 0.012875212093554583,
      "final_equity": 13645.672163031528,
      "years": 7.017111567419575
    },
    "in_sample": {
      "total_return": -0.0070844372217016005,
      "cagr": -0.001421114138144941,
      "sharpe": 0.04156763818717678,
      "sortino": 0.06025924624523073,
      "max_drawdown": -0.17524699784559128,
      "calmar": -0.008109206751701807,
      "num_trades": 19,
      "win_rate": 0.3684210526315789,
      "profit_factor": 1.0544030246688052,
      "avg_win": 0.07868046891524937,
      "avg_loss": -0.043528839662593584,
      "avg_bars_held": 15.947368421052632,
      "expectancy_per_trade": 0.0014956424450327701,
      "final_equity": 9929.155627782984,
      "years": 4.999315537303217
    },
    "out_sample": {
      "total_return": 0.3743033823389048,
      "cagr": 0.1706643557084393,
      "sharpe": 1.8692950525663985,
      "sortino": 3.505033977751444,
      "max_drawdown": -0.06099611080044909,
      "calmar": 2.7979547133221936,
      "num_trades": 9,
      "win_rate": 0.7777777777777778,
      "profit_factor": 7.339199619989004,
      "avg_win": 0.05492503882880214,
      "avg_loss": -0.026193269818854652,
      "avg_bars_held": 23.666666666666668,
      "expectancy_per_trade": 0.03689874801821174,
      "final_equity": 13743.033823389049,
      "years": 2.0177960301163584
    }
  },
  "chosen": {
    "full": {
      "total_return": 0.720551656442042,
      "cagr": 0.08040035548547286,
      "sharpe": 0.6499613911799449,
      "sortino": 0.9984513865468273,
      "max_drawdown": -0.16293637679655093,
      "calmar": 0.49344631976114245,
      "num_trades": 52,
      "win_rate": 0.40384615384615385,
      "profit_factor": 1.732524669475173,
      "avg_win": 0.06508704115417008,
      "avg_loss": -0.025449116081201217,
      "avg_bars_held": 15.365384615384615,
      "expectancy_per_trade": 0.011113562802314122,
      "final_equity": 17205.51656442042,
      "years": 7.017111567419575
    },
    "in_sample": {
      "total_return": 0.46140397555064205,
      "cagr": 0.07884379653065454,
      "sharpe": 0.6080957802195397,
      "sortino": 0.9275845179810372,
      "max_drawdown": -0.16293637679655093,
      "calmar": 0.48389314946595474,
      "num_trades": 39,
      "win_rate": 0.38461538461538464,
      "profit_factor": 1.6850311971654477,
      "avg_win": 0.07046354180574467,
      "avg_loss": -0.026135844667252356,
      "avg_bars_held": 15.666666666666666,
      "expectancy_per_trade": 0.011017765514669575,
      "final_equity": 14614.039755506421,
      "years": 4.999315537303217
    },
    "out_sample": {
      "total_return": 0.17732788826837265,
      "cagr": 0.08426658654835717,
      "sharpe": 0.803658076132994,
      "sortino": 1.2734444873125055,
      "max_drawdown": -0.09277179332336771,
      "calmar": 0.9083211990376797,
      "num_trades": 13,
      "win_rate": 0.46153846153846156,
      "profit_factor": 1.9168024106426822,
      "avg_win": 0.05164578952523365,
      "avg_loss": -0.023094618071883014,
      "avg_bars_held": 14.461538461538462,
      "expectancy_per_trade": 0.011400954665247754,
      "final_equity": 11773.278882683726,
      "years": 2.0177960301163584
    }
  },
  "buy_hold_full": {
    "total_return": 6.337018715090814,
    "cagr": 0.32844673278350367,
    "sharpe": 0.7585096985583714,
    "sortino": 1.0789978535618787,
    "max_drawdown": -0.8153277958732226,
    "calmar": 0.40284010240535784,
    "num_trades": 0,
    "win_rate": NaN,
    "profit_factor": NaN,
    "avg_win": NaN,
    "avg_loss": NaN,
    "avg_bars_held": NaN,
    "expectancy_per_trade": NaN,
    "final_equity": 73260.18687032207,
    "years": 7.017111567419575
  }
}