{
  "split": "2023-01-01",
  "costs": {
    "fee": 0.001,
    "slippage": 0.0005,
    "init_cash": 10000.0,
    "maint_margin": 0.005
  },
  "default_params": {
    "ema_fast": 50,
    "ema_slow": 200,
    "rsi_period": 14,
    "rsi_long_max": 70.0,
    "rsi_long_min": 50.0,
    "atr_period": 14,
    "atr_sl_mult": 2.0,
    "atr_tp_mult": 4.0,
    "allow_short": false,
    "leverage": 1.0,
    "entry_mode": "ema_cross",
    "donchian_period": 20,
    "use_rsi_filter": true,
    "regime_filter": false,
    "regime_ema": 200,
    "htf_filter": false,
    "htf": "",
    "htf_ema": 50,
    "exit_mode": "fixed",
    "trail_atr_mult": 3.0,
    "partial_tp_mult": 2.0,
    "partial_tp_frac": 0.5
  },
  "chosen_params": {
    "ema_fast": 20,
    "ema_slow": 100,
    "rsi_period": 14,
    "rsi_long_max": 70.0,
    "rsi_long_min": 50.0,
    "atr_period": 14,
    "atr_sl_mult": 2.5,
    "atr_tp_mult": 4.0,
    "allow_short": false,
    "leverage": 1.0,
    "entry_mode": "ema_cross",
    "donchian_period": 20,
    "use_rsi_filter": true,
    "regime_filter": true,
    "regime_ema": 200,
    "htf_filter": false,
    "htf": "",
    "htf_ema": 50,
    "exit_mode": "partial",
    "trail_atr_mult": 3.0,
    "partial_tp_mult": 2.0,
    "partial_tp_frac": 0.5
  },
  "default": {
    "full": {
      "total_return": 0.3645672163031528,
      "cagr": 0.04529280984038553,
      "sharpe": 0.4804382967636178,
      "sortino": 0.7265024610022517,
      "max_drawdown": -0.17524699784559128,
      "calmar": 0.25845127390023914,
      "num_trades": 28,
      "win_rate": 0.5,
      "profit_factor": 1.6272585352584834,
      "avg_win": 0.06680275387202575,
      "avg_loss": -0.0410523296849166,
      "avg_bars_held": 18.428571428571427,
      "expectancy_per_trade": 0.012875212093554583,
      "final_equity": 13645.672163031528,
      "years": 7.017111567419575
    },
    "in_sample": {
      "total_return": -0.0070844372217016005,
      "cagr": -0.001421114138144941,
      "sharpe": 0.04156763818717678,
      "sortino": 0.06025924624523073,
      "max_drawdown": -0.17524699784559128,
      "calmar": -0.008109206751701807,
      "num_trades": 19,
      "win_rate": 0.3684210526315789,
      "profit_factor": 1.0544030246688052,
      "avg_win": 0.07868046891524937,
      "avg_loss": -0.043528839662593584,
      "avg_bars_held": 15.947368421052632,
      "expectancy_per_trade": 0.0014956424450327701,
      "final_equity": 9929.155627782984,
      "years": 4.999315537303217
    },
    "out_sample": {
      "total_return": 0.3743033823389048,
      "cagr": 0.1706643557084393,
      "sharpe": 1.8692950525663985,
      "sortino": 3.505033977751444,
      "max_drawdown": -0.06099611080044909,
      "calmar": 2.7979547133221936,
      "num_trades": 9,
      "win_rate": 0.7777777777777778,
      "profit_factor": 7.339199619989004,
      "avg_win": 0.05492503882880214,
      "avg_loss": -0.026193269818854652,
      "avg_bars_held": 23.666666666666668,
      "expectancy_per_trade": 0.03689874801821174,
      "final_equity": 13743.033823389049,
      "years": 2.0177960301163584
    }
  },
  "chosen": {
    "full": {
      "total_return": 0.6477913758132574,
      "cagr": 0.07376803491450556,
      "sharpe": 0.7141185995394569,
      "sortino": 1.099483633507195,
      "max_drawdown": -0.24397199948186143,
      "calmar": 0.30236270994692566,
      "num_trades": 41,
      "win_rate": 0.5853658536585366,
      "profit_factor": 1.8608466686202212,
      "avg_win": 0.0502571832916656,
      "avg_loss": -0.03812851364096683,
      "avg_bars_held": 25.75609756097561,
      "expectancy_per_trade": 0.013609455295208248,
      "final_equity": 16477.913758132574,
      "years": 7.017111567419575
    },
    "in_sample": {
      "total_return": 0.6846391178672533,
      "cagr": 0.10996063946257051,
      "sharpe": 0.974500764683211,
      "sortino": 1.5190789841947319,
      "max_drawdown": -0.21708084340267841,
      "calmar": 0.5065423449576195,
      "num_trades": 27,
      "win_rate": 0.6296296296296297,
      "profit_factor": 2.533573574979349,
      "avg_win": 0.05826374279873476,
      "avg_loss": -0.039094330528236756,
      "avg_bars_held": 26.85185185185185,
      "expectancy_per_trade": 0.02220519712207865,
      "final_equity": 16846.391178672533,
      "years": 4.999315537303217
    },
    "out_sample": {
      "total_return": -0.02187278074169685,
      "cagr": -0.010900399133933814,
      "sharpe": -0.0740581780585776,
      "sortino": -0.10901433968278373,
      "max_drawdown": -0.1402875559144524,
      "calmar": -0.07770039946081102,
      "num_trades": 14,
      "win_rate": 0.5,
      "profit_factor": 0.8384682601884129,
      "avg_win": 0.03081268163164048,
      "avg_loss": -0.036748775230581225,
      "avg_bars_held": 23.642857142857142,
      "expectancy_per_trade": -0.0029680467994703734,
      "final_equity": 9781.272192583032,
      "years": 2.0177960301163584
    }
  },
  "buy_hold_full": {
    "total_return": 6.337018715090814,
    "cagr": 0.32844673278350367,
    "sharpe": 0.7585096985583714,
    "sortino": 1.0789978535618787,
    "max_drawdown": -0.8153277958732226,
    "calmar": 0.40284010240535784,
    "num_trades": 0,
    "win_rate": NaN,
    "profit_factor": NaN,
    "avg_win": NaN,
    "avg_loss": NaN,
    "avg_bars_held": NaN,
    "expectancy_per_trade": NaN,
    "final_equity": 73260.18687032207,
    "years": 7.017111567419575
  }
}