{
  "split": "2023-01-01",
  "costs": {
    "fee": 0.001,
    "slippage": 0.0005,
    "init_cash": 10000.0
  },
  "default_params": {
    "ema_fast": 50,
    "ema_slow": 200,
    "rsi_period": 14,
    "rsi_long_max": 70.0,
    "rsi_long_min": 50.0,
    "atr_period": 14,
    "atr_sl_mult": 2.0,
    "atr_tp_mult": 4.0,
    "allow_short": false
  },
  "chosen_params": {
    "ema_fast": 50,
    "ema_slow": 100,
    "rsi_period": 14,
    "rsi_long_max": 75,
    "rsi_long_min": 50.0,
    "atr_period": 14,
    "atr_sl_mult": 1.5,
    "atr_tp_mult": 5.0,
    "allow_short": false
  },
  "default": {
    "full": {
      "total_return": 0.3641707284150455,
      "cagr": 0.04524952172461072,
      "sharpe": 0.48040906058229316,
      "sortino": 0.1318485856819767,
      "max_drawdown": -0.17508288470319244,
      "calmar": 0.2584462884611453,
      "num_trades": 28,
      "win_rate": 0.5,
      "profit_factor": 1.6271944749647222,
      "avg_win": 0.06673495111815374,
      "avg_loss": -0.041012277355231656,
      "avg_bars_held": 18.428571428571427,
      "expectancy_per_trade": 0.01286133688146104,
      "final_equity": 13641.707284150454,
      "years": 7.017111567419575
    },
    "in_sample": {
      "total_return": -0.007061940701373004,
      "cagr": -0.0014165885927536204,
      "sharpe": 0.04154248931152747,
      "sortino": 0.010662537720898469,
      "max_drawdown": -0.17508288470319244,
      "calmar": -0.008090959862553546,
      "num_trades": 19,
      "win_rate": 0.3684210526315789,
      "profit_factor": 1.0543653637054582,
      "avg_win": 0.07860078844633413,
      "avg_loss": -0.043486310822930994,
      "avg_bars_held": 15.947368421052632,
      "expectancy_per_trade": 0.001493146802587738,
      "final_equity": 9929.38059298627,
      "years": 4.999315537303217
    },
    "out_sample": {
      "total_return": 0.3738729376318224,
      "cagr": 0.17048262672436243,
      "sharpe": 1.8692345550283431,
      "sortino": 0.7740825547955055,
      "max_drawdown": -0.06093825568273403,
      "calmar": 2.7976289247915935,
      "num_trades": 9,
      "win_rate": 0.7777777777777778,
      "profit_factor": 7.33878540537913,
      "avg_win": 0.05486911378997334,
      "avg_loss": -0.02616807654903565,
      "avg_bars_held": 23.666666666666668,
      "expectancy_per_trade": 0.036860849270193556,
      "final_equity": 13738.729376318224,
      "years": 2.0177960301163584
    }
  },
  "chosen": {
    "full": {
      "total_return": 1.192700913577982,
      "cagr": 0.11838815185270835,
      "sharpe": 0.795511814060169,
      "sortino": 0.30350533104300403,
      "max_drawdown": -0.16278911375997673,
      "calmar": 0.7272485801923151,
      "num_trades": 56,
      "win_rate": 0.375,
      "profit_factor": 1.9415841523041883,
      "avg_win": 0.08380006317187624,
      "avg_loss": -0.025896399001534683,
      "avg_bars_held": 19.428571428571427,
      "expectancy_per_trade": 0.015239774313494412,
      "final_equity": 21927.00913577982,
      "years": 7.017111567419575
    },
    "in_sample": {
      "total_return": 0.8748768833617866,
      "cagr": 0.13397120201803814,
      "sharpe": 0.8340495964732286,
      "sortino": 0.31668243064794466,
      "max_drawdown": -0.16278911375997673,
      "calmar": 0.8229739625929228,
      "num_trades": 42,
      "win_rate": 0.38095238095238093,
      "profit_factor": 2.0049649582561235,
      "avg_win": 0.0880193734491487,
      "avg_loss": -0.0270158179340508,
      "avg_bars_held": 18.69047619047619,
      "expectancy_per_trade": 0.016807112116691867,
      "final_equity": 18748.768833617865,
      "years": 4.999315537303217
    },
    "out_sample": {
      "total_return": 0.16951728032739655,
      "cagr": 0.08069571124743358,
      "sharpe": 0.6952556536823024,
      "sortino": 0.2807649568469009,
      "max_drawdown": -0.12435267574190956,
      "calmar": 0.648926215427123,
      "num_trades": 14,
      "win_rate": 0.35714285714285715,
      "profit_factor": 1.7233119268643957,
      "avg_win": 0.07029827028460436,
      "avg_loss": -0.022662522085377015,
      "avg_bars_held": 21.642857142857142,
      "expectancy_per_trade": 0.010537760903902049,
      "final_equity": 11695.172803273965,
      "years": 2.0177960301163584
    }
  },
  "buy_hold_full": {
    "total_return": 6.337018715090814,
    "cagr": 0.32844673278350367,
    "sharpe": 0.7585096985583714,
    "sortino": 0.9509294983378167,
    "max_drawdown": -0.8153277958732226,
    "calmar": 0.40284010240535784,
    "num_trades": 0,
    "win_rate": NaN,
    "profit_factor": NaN,
    "avg_win": NaN,
    "avg_loss": NaN,
    "avg_bars_held": NaN,
    "expectancy_per_trade": NaN,
    "final_equity": 73260.18687032207,
    "years": 7.017111567419575
  }
}