{
  "split": "2023-01-01",
  "costs": {
    "fee": 0.001,
    "slippage": 0.0005,
    "init_cash": 10000.0
  },
  "default_params": {
    "ema_fast": 50,
    "ema_slow": 200,
    "rsi_period": 14,
    "rsi_long_max": 70.0,
    "rsi_long_min": 50.0,
    "atr_period": 14,
    "atr_sl_mult": 2.0,
    "atr_tp_mult": 4.0,
    "allow_short": false,
    "entry_mode": "ema_cross",
    "donchian_period": 20,
    "use_rsi_filter": true,
    "regime_filter": false,
    "regime_ema": 200,
    "exit_mode": "fixed",
    "trail_atr_mult": 3.0,
    "partial_tp_mult": 2.0,
    "partial_tp_frac": 0.5
  },
  "chosen_params": {
    "ema_fast": 20,
    "ema_slow": 100,
    "rsi_period": 14,
    "rsi_long_max": 70.0,
    "rsi_long_min": 50.0,
    "atr_period": 14,
    "atr_sl_mult": 2.5,
    "atr_tp_mult": 4.0,
    "allow_short": false,
    "entry_mode": "ema_cross",
    "donchian_period": 20,
    "use_rsi_filter": true,
    "regime_filter": true,
    "regime_ema": 200,
    "exit_mode": "partial",
    "trail_atr_mult": 3.0,
    "partial_tp_mult": 2.0,
    "partial_tp_frac": 0.5
  },
  "default": {
    "full": {
      "total_return": 0.3641707284150455,
      "cagr": 0.04524952172461072,
      "sharpe": 0.48040906058229316,
      "sortino": 0.7264577682702568,
      "max_drawdown": -0.17508288470319244,
      "calmar": 0.2584462884611453,
      "num_trades": 28,
      "win_rate": 0.5,
      "profit_factor": 1.6271944749647222,
      "avg_win": 0.06673495111815374,
      "avg_loss": -0.041012277355231656,
      "avg_bars_held": 18.428571428571427,
      "expectancy_per_trade": 0.01286133688146104,
      "final_equity": 13641.707284150454,
      "years": 7.017111567419575
    },
    "in_sample": {
      "total_return": -0.007061940701373004,
      "cagr": -0.0014165885927536204,
      "sharpe": 0.04154248931152747,
      "sortino": 0.060222756501846816,
      "max_drawdown": -0.17508288470319244,
      "calmar": -0.008090959862553546,
      "num_trades": 19,
      "win_rate": 0.3684210526315789,
      "profit_factor": 1.0543653637054582,
      "avg_win": 0.07860078844633413,
      "avg_loss": -0.043486310822930994,
      "avg_bars_held": 15.947368421052632,
      "expectancy_per_trade": 0.001493146802587738,
      "final_equity": 9929.38059298627,
      "years": 4.999315537303217
    },
    "out_sample": {
      "total_return": 0.3738729376318224,
      "cagr": 0.17048262672436243,
      "sharpe": 1.8692345550283431,
      "sortino": 3.504892388217839,
      "max_drawdown": -0.06093825568273403,
      "calmar": 2.7976289247915935,
      "num_trades": 9,
      "win_rate": 0.7777777777777778,
      "profit_factor": 7.33878540537913,
      "avg_win": 0.05486911378997334,
      "avg_loss": -0.02616807654903565,
      "avg_bars_held": 23.666666666666668,
      "expectancy_per_trade": 0.036860849270193556,
      "final_equity": 13738.729376318224,
      "years": 2.0177960301163584
    }
  },
  "chosen": {
    "full": {
      "total_return": 0.6470314148363177,
      "cagr": 0.07369744753671803,
      "sharpe": 0.7140951472143598,
      "sortino": 1.0994510357820246,
      "max_drawdown": -0.24376942716101835,
      "calmar": 0.30232440710474434,
      "num_trades": 41,
      "win_rate": 0.5853658536585366,
      "profit_factor": 1.860760753882188,
      "avg_win": 0.05020592610837391,
      "avg_loss": -0.038091385127325864,
      "avg_bars_held": 25.75609756097561,
      "expectancy_per_trade": 0.013594845839913033,
      "final_equity": 16470.314148363177,
      "years": 7.017111567419575
    },
    "in_sample": {
      "total_return": 0.6838326754732698,
      "cagr": 0.10985433618096563,
      "sharpe": 0.9744834609722133,
      "sortino": 1.5190585674177635,
      "max_drawdown": -0.21689810212272453,
      "calmar": 0.5064790106775956,
      "num_trades": 27,
      "win_rate": 0.6296296296296297,
      "profit_factor": 2.533465178114032,
      "avg_win": 0.05820447905593601,
      "avg_loss": -0.03905623619770848,
      "avg_bars_held": 26.85185185185185,
      "expectancy_per_trade": 0.022181991924956564,
      "final_equity": 16838.326754732698,
      "years": 4.999315537303217
    },
    "out_sample": {
      "total_return": -0.021855651795454234,
      "cagr": -0.01089181500668146,
      "sharpe": -0.07412843471895628,
      "sortino": -0.10911730855900262,
      "max_drawdown": -0.1401607886581463,
      "calmar": -0.07770943008352155,
      "num_trades": 14,
      "win_rate": 0.5,
      "profit_factor": 0.8384181834598579,
      "avg_win": 0.03078086895000882,
      "avg_loss": -0.036713026455350684,
      "avg_bars_held": 23.642857142857142,
      "expectancy_per_trade": -0.002966078752670933,
      "final_equity": 9781.443482045457,
      "years": 2.0177960301163584
    }
  },
  "buy_hold_full": {
    "total_return": 6.337018715090814,
    "cagr": 0.32844673278350367,
    "sharpe": 0.7585096985583714,
    "sortino": 1.0789978535618787,
    "max_drawdown": -0.8153277958732226,
    "calmar": 0.40284010240535784,
    "num_trades": 0,
    "win_rate": NaN,
    "profit_factor": NaN,
    "avg_win": NaN,
    "avg_loss": NaN,
    "avg_bars_held": NaN,
    "expectancy_per_trade": NaN,
    "final_equity": 73260.18687032207,
    "years": 7.017111567419575
  }
}