{
  "split": "2023-01-01",
  "costs": {
    "fee": 0.001,
    "slippage": 0.0005,
    "init_cash": 10000.0
  },
  "default_params": {
    "ema_fast": 50,
    "ema_slow": 200,
    "rsi_period": 14,
    "rsi_long_max": 70.0,
    "rsi_long_min": 50.0,
    "atr_period": 14,
    "atr_sl_mult": 2.0,
    "atr_tp_mult": 4.0,
    "allow_short": false,
    "entry_mode": "ema_cross",
    "donchian_period": 20,
    "use_rsi_filter": true,
    "regime_filter": false,
    "regime_ema": 200,
    "exit_mode": "fixed",
    "trail_atr_mult": 3.0,
    "partial_tp_mult": 2.0,
    "partial_tp_frac": 0.5
  },
  "chosen_params": {
    "ema_fast": 20,
    "ema_slow": 100,
    "rsi_period": 14,
    "rsi_long_max": 70.0,
    "rsi_long_min": 50.0,
    "atr_period": 14,
    "atr_sl_mult": 1.5,
    "atr_tp_mult": 4.0,
    "allow_short": false,
    "entry_mode": "ema_cross",
    "donchian_period": 20,
    "use_rsi_filter": false,
    "regime_filter": true,
    "regime_ema": 200,
    "exit_mode": "trailing",
    "trail_atr_mult": 3.0,
    "partial_tp_mult": 2.0,
    "partial_tp_frac": 0.5
  },
  "default": {
    "full": {
      "total_return": 0.3641707284150455,
      "cagr": 0.04524952172461072,
      "sharpe": 0.48040906058229316,
      "sortino": 0.7264577682702568,
      "max_drawdown": -0.17508288470319244,
      "calmar": 0.2584462884611453,
      "num_trades": 28,
      "win_rate": 0.5,
      "profit_factor": 1.6271944749647222,
      "avg_win": 0.06673495111815374,
      "avg_loss": -0.041012277355231656,
      "avg_bars_held": 18.428571428571427,
      "expectancy_per_trade": 0.01286133688146104,
      "final_equity": 13641.707284150454,
      "years": 7.017111567419575
    },
    "in_sample": {
      "total_return": -0.007061940701373004,
      "cagr": -0.0014165885927536204,
      "sharpe": 0.04154248931152747,
      "sortino": 0.060222756501846816,
      "max_drawdown": -0.17508288470319244,
      "calmar": -0.008090959862553546,
      "num_trades": 19,
      "win_rate": 0.3684210526315789,
      "profit_factor": 1.0543653637054582,
      "avg_win": 0.07860078844633413,
      "avg_loss": -0.043486310822930994,
      "avg_bars_held": 15.947368421052632,
      "expectancy_per_trade": 0.001493146802587738,
      "final_equity": 9929.38059298627,
      "years": 4.999315537303217
    },
    "out_sample": {
      "total_return": 0.3738729376318224,
      "cagr": 0.17048262672436243,
      "sharpe": 1.8692345550283431,
      "sortino": 3.504892388217839,
      "max_drawdown": -0.06093825568273403,
      "calmar": 2.7976289247915935,
      "num_trades": 9,
      "win_rate": 0.7777777777777778,
      "profit_factor": 7.33878540537913,
      "avg_win": 0.05486911378997334,
      "avg_loss": -0.02616807654903565,
      "avg_bars_held": 23.666666666666668,
      "expectancy_per_trade": 0.036860849270193556,
      "final_equity": 13738.729376318224,
      "years": 2.0177960301163584
    }
  },
  "chosen": {
    "full": {
      "total_return": 1.3284399799669835,
      "cagr": 0.12800231686552443,
      "sharpe": 0.7831753197067329,
      "sortino": 1.2622014818409257,
      "max_drawdown": -0.2616797691589504,
      "calmar": 0.48915633515318807,
      "num_trades": 64,
      "win_rate": 0.390625,
      "profit_factor": 2.0268578573851936,
      "avg_win": 0.07938805198210451,
      "avg_loss": -0.025107718691856015,
      "avg_bars_held": 18.484375,
      "expectancy_per_trade": 0.01571094172765982,
      "final_equity": 23284.399799669834,
      "years": 7.017111567419575
    },
    "in_sample": {
      "total_return": 1.3518801105692684,
      "cagr": 0.1865695687794413,
      "sharpe": 1.0122022278669387,
      "sortino": 1.6621063171163737,
      "max_drawdown": -0.2616797691589504,
      "calmar": 0.7129690207962335,
      "num_trades": 43,
      "win_rate": 0.4418604651162791,
      "profit_factor": 2.572774719861838,
      "avg_win": 0.08906486425794517,
      "avg_loss": -0.027406085600838414,
      "avg_bars_held": 20.372093023255815,
      "expectancy_per_trade": 0.02405782247629852,
      "final_equity": 23518.801105692684,
      "years": 4.999315537303217
    },
    "out_sample": {
      "total_return": -0.009966549951651693,
      "cagr": -0.004951802780322256,
      "sharpe": 0.0299747790494573,
      "sortino": 0.0445671321224409,
      "max_drawdown": -0.17188765559999597,
      "calmar": -0.028808367669204353,
      "num_trades": 21,
      "win_rate": 0.2857142857142857,
      "profit_factor": 0.9098284419145191,
      "avg_win": 0.04874481310860914,
      "avg_loss": -0.02143033163748418,
      "avg_bars_held": 14.619047619047619,
      "expectancy_per_trade": -0.001380290281457511,
      "final_equity": 9900.334500483483,
      "years": 2.0177960301163584
    }
  },
  "buy_hold_full": {
    "total_return": 6.337018715090814,
    "cagr": 0.32844673278350367,
    "sharpe": 0.7585096985583714,
    "sortino": 1.0789978535618787,
    "max_drawdown": -0.8153277958732226,
    "calmar": 0.40284010240535784,
    "num_trades": 0,
    "win_rate": NaN,
    "profit_factor": NaN,
    "avg_win": NaN,
    "avg_loss": NaN,
    "avg_bars_held": NaN,
    "expectancy_per_trade": NaN,
    "final_equity": 73260.18687032207,
    "years": 7.017111567419575
  }
}